id,name,description,budget,thumb,url,order,plan_id
1,GREEN BROTHERS 恵比寿店,ヘルシーなサラダボウルをオシャレなお店で♪,1500,https://kinarino.k-img.com/system/press_images/000/814/030/cd7ab4c381cbd7d4de8145f3e009b5ac49384a21.jpg,https://tabelog.com/tokyo/A1303/A130302/13198136/,1,1
2,アクイーユ,パティシエが作るパンケーキと本格カフェごはんのお店,2500,https://accueil.co.jp/wp/wp-content/uploads/2020/03/2020ICHIGOrarecheesePC_frontEYnews.jpg,https://tabelog.com/tokyo/A1303/A130302/13127590/,2,1
3,代々木公園,水と緑の景色に包まれて、リラックスしたひとときが過ごそう♪,0,https://media-cdn.tripadvisor.com/media/photo-o/0b/1a/17/18/caption.jpg,http://www.vvdcreative.com/sakuhin/17-3yoyogipark/index.html,1,2
4,365日,公園近くのパン屋さん『365日』でランチをテイクアウト♪,700,http://ultrakitchen.jp/wordpress/wp-content/uploads/2016/01/365.jpg,http://ultrakitchen.jp/projects/#item80,2,2
5,牛かつあおな 新宿店,牛カツハマるかも？,2500,https://kaiten-portal.jp/media/wp-content/uploads/2018/02/bed8f2f057241723645613c834520d46.jpg,https://tabelog.com/tokyo/A1304/A130401/13215446/,1,5
6,ラッツダイニング 新宿店,おしゃれなバーでゆったり。,2000,https://cdn.r-corona.jp/prd.rb.r-corona.jp/assets/site_files/u12rylf9/3590017/6joi_w1140h600.jpg,https://tabelog.com/tokyo/A1304/A130401/13102409/,2,5
7,日光金谷ホテル クラフトグリル,100年以上にわたって受け継がれてきたフレンチをランチ価格でおとくに◎,2000,https://www.ozmall.co.jp/restaurant/images/client/4085_3804_ph1.jpg,https://tabelog.com/tokyo/A1304/A130401/13194052/,1,6
8,新宿ピカデリー,大きなスクリーンで大迫力の映画を楽しもう！,2000,https://cdn.4travel.jp/img/thumbnails/imk/tips_pict/16/89/47/220x220_16894782.jpg?updated_at=1573042735,https://www.smt-cinema.com/site/shinjuku/index.html,2,6
9,スターバックスコーヒー 新宿店,フラペチーノを飲んでゆっくりしよう,500,https://assets.media-platform.com/lifehacker/dist/images/2015/03/150312starbucks-w960.jpg,https://www.starbucks.co.jp/,3,6
10,コスモプラネタリウム渋谷,本格的なプラネタリウムがなんと600円！節約デートにぴったり◎,600,https://www.shibu-cul.jp/hp/wp-content/uploads/2018/02/planetarium_slide02.jpg,https://www.shibu-cul.jp/planetarium,1,3
11,森の図書室,ひっそりブックカフェ。隠れ家のような落ち着いた雰囲気が漂います。,1000,https://morinotosyoshitsu.com/wp-content/uploads/2019/10/0a60619342f18a42d622620cf8145e17.jpeg,https://morinotosyoshitsu.com/,2,3
12, 渋谷の日本酒ダイニングsakeba,日本酒専門店◎日本酒と和食をおともにゆったり贅沢な大人の宵。,4000,https://tblg.k-img.com/resize/660x370c/restaurant/images/Rvw/110397/110397196.jpg?token=3d1e66a&api=v2,https://tabelog.com/tokyo/A1303/A130301/13154838/,1,4
13, DJ BAR BRIDGE,お洒落なDJバーで音楽を聞きながらゆっくり距離を縮めて。,2000,https://bridge-shibuya.com/wp-content/uploads/2014/09/BAR%E6%AD%A3%E9%9D%A2.jpg,https://bridge-shibuya.com/,2,4
14,アクアパーク品川,イルカのメリーゴーランドや海賊船のアトラクションが楽しめる水族館です。,3500,http://www.aqua-park.jp/aqua/img/event/stadium_night.jpg,http://www.aqua-park.jp/aqua/,1,7
15,品川プリンスホテルプール,リッチなプールではしゃぎましょう。,3500,https://images.pexels.com/photos/61136/pexels-photo-61136.jpeg?auto=compress&cs=tinysrgb&dpr=2&h=750&w=1260,https://www.princehotels.co.jp/shinagawa/pool/,2,7
16,なかめのてっぺん,ランチタイムは海鮮丼がおすすめ！,2000,https://tblg.k-img.com/resize/660x370c/restaurant/images/Rvw/129604/129604932.jpg?token=2a321c6&api=v2,https://tabelog.com/tokyo/A1314/A131403/13166096/,1,8
17,品川プリンスホテルボウリングセンター,アクティビティならボウリングで決まり!,2000,https://images.pexels.com/photos/344029/pexels-photo-344029.jpeg?auto=compress&cs=tinysrgb&dpr=2&h=750&w=1260,https://www.princehotels.co.jp/shinagawa/bowling/,2,8
18,錦糸町パルコの無印良品,自分でデザインした靴下を作る体験ができる！,1200,https://www.muji.com/jp/shop/img/detail/045767_2_640.jpg,https://www.muji.com/jp/ja/shop/detail/045767,1,9
19,日比谷公園,都会でゆっくり一息入れるならここ！,0,https://i1.wp.com/mappyphoto.com/wp-content/uploads/2019/09/Hibiyapark-11.jpg?resize=650%2C433&ssl=1,https://www.tokyo-park.or.jp/park/format/index037.html,2,9
20,世界のラジオ会館,かつてタイムマシンが不時着した場所は、カード・ドール・オーディオなんでもござれの趣味の宝庫でした。,3000,https://cdn.4travel.jp/img/thumbnails/imk/tips_pict/16/96/40/220x220_16964053.jpg?updated_at=1575555419,http://www.akihabara-radiokaikan.co.jp/shoplist/,1,10
21,Cafe Mai:lish,ここは秋葉原、メイド喫茶の聖地、となればこのカフェに行くっきゃない！,3000,https://www.mailish.jp/img/about/floor02.jpg,https://www.mailish.jp,2,10
22,牛丼専門サンボ,牛丼が絶品のお店があるんです。ケータイ使用禁止ルールがあるので遵守しましょう。,600,https://tblg.k-img.com/restaurant/images/Rvw/124330/150x150_square_124330308.jpg,https://tabelog.com/tokyo/A1311/A131101/13006063/,3,10
23,東京国立博物館,どうしてもまた観賞したくなる。そんな作品を探しにいきましょう。,1000,https://www.gotokyo.org/jp/spot/123/images/4406_1_1400x1100_1.jpg,https://www.tnm.jp/,1,11
24,アメ横商店街,名物は叩き売り！　衣類・食糧・食べ歩きが１箇所で！,1000,https://d340eiag32bpum.cloudfront.net/img/post/spot/491/49100-EywKQzPGTb22BwvZwGgW_lrg.jpg,http://www.ameyoko.net/,3,11
25,谷中ぎんざ,コロッケ、牡蠣、ちょんまげイモ！食べ歩きが止まらない！,2000,https://image.jimcdn.com/app/cms/image/transf/none/path/s91f5563c3717bac9/image/if6fc1b9e64067829/version/1541641991/image.jpg,https://www.yanakaginza.com/,1,12
26,Hotel Graphy,下町観光してきた外国人客も交えて感動を分かちあえるかも？！,3000,https://www.hotel-graphy.com/wp/wp-content/themes/hotelgraphy/assets/images/facilities/bar/img_bar_03.jpg,https://www.hotel-graphy.com/cafebar/bar,2,12
27,MAZARIA,アニメ・漫画の世界をド迫力のVRで楽しもう！,4500,https://bandainamco-am.co.jp/others/mazaria/jp/images/howto/img_howto_01.jpg,https://bandainamco-am.co.jp/others/mazaria/jp/,1,13
28,BEER PUB CAMDEN,ボリュームたっぷりのハンバーガーとクラフトビールで余韻に浸ろう！,3000,http://beerpubcamden.com/wp-content/uploads/2011/01/habburger.jpg,http://beerpubcamden.com/east/,2,13
29,ルミネtheよしもと,お互いの笑いの感性を確かめましょう！,3000,https://cdn.4travel.jp/img/thumbnails/imk/tips_pict/15/77/19/220x220_15771975.jpg?updated_at=1534773107,http://www.yoshimoto.co.jp/lumine/,1,14
30,ひげガール,ユーモア溢れるオカマ達とから騒ぎしましょう。,7000,http://www.hige-girl.com/img/gallery/01.jpg,http://www.hige-girl.com/,2,14
31,竹下通り,ファッションもスイーツも全部カワイイ！歩くだけでも最高！,2000,https://www.takeshita-street.com/images/slider/slide6.jpg,https://www.takeshita-street.com/,1,15
32,文房具カフェ,文房具ってワクワクするんです！好奇心と食欲を同時に満たすお店はこちら。,2000,https://d2l930y2yx77uc.cloudfront.net/production/uploads/images/20796594/picture_pc_2c2dd821d29dcb2e58a7b062db16bfdb.jpg,https://www.bun-cafe.com/,2,15
33,北京烤鴨店 北京ダック専門店,遊んだ後はお腹もガッツリ満たしたい！やっぱり中華かな！,2000,https://tblg.k-img.com/resize/660x370c/restaurant/images/Rvw/62250/62250150.jpg?token=b6b375a&api=v2,https://retty.me/area/PRE13/ARE23/SUB2301/100001313881/photos/?kind=4,3,15
34,NOBOROCK,手ごろな壁でボルダリングデビュー？！,2000,https://noborock.com/wp-content/uploads/2019/02/photo_shibuya_04.jpg,https://noborock.com/program/shibuya/,1,16
35,世界で２番めに美味しいメロンパンアイス,No.1のお師匠サマの味を継承した絶品メロンパン,1000,https://c-www-lets.gnst.jp/img2/report/text/5/5394.jpg?t=1587431174_1522378211,https://tabelog.com/tokyo/A1303/A130301/13170578/,2,16
36,カラオケレインボー,お洒落な個室で大盛り上がりしよう！,2000,https://tts-img.ejworks.com/contents/shopinfo/krai1/dceb7fe704a69b0d1e71139527930b7b_01_01.jpeg,https://www.karaoke-rainbow.com/search/detail/index_ex.html?id=4453,3,16
37,AFURI恵比寿,柚塩ラーメンがサッパリ染み渡る美味しさ。,1000,https://tblg.k-img.com/resize/660x370c/restaurant/images/Rvw/129155/129155328.jpg?token=f1dc930&api=v2,https://tabelog.com/tokyo/A1303/A130302/13005500/,1,17
38,恵比寿ガーデンプレイス,開放感ある場所を少しお散歩して腹ごなし。,0,https://www.gotokyo.org/en/spot/49/images/49_0130_2_950x637.jpg,https://gardenplace.jp/,2,17
39,恵比寿横丁,他のお客さんとも交流できるスポット！相方と一緒に遊べるコミュニティも作れそう？？,2500,https://aiseki-kumiai.com/wp-content/uploads/2019/09/a27ca1d2-790x480.jpg,http://www.ebisu-yokocho.com/,3,17
40,中野ブロードウェイ,昭和テイストな雰囲気も楽しめる！趣味全開のショッピングをしよう。,2000,https://i2.wp.com/tokyolucci.jp/wp-content/uploads/2016/01/20151224-DSC00290.jpg?w=675&ssl=1,https://nakano-broadway.com/,1,18
41,マグロマート,マグロの被り物を被ってマグロづくしに舌鼓！,4000,https://lh3.googleusercontent.com/-KWqpVb0HHmc/XfBE-Z0TpYI/AAAAAAAAJuM/lZx6CYpRvX0yCgMQEWjqYgE-Lw2ZP-e6gCLIBGAYYCw/w960-h960-n-o-k-v1/,https://tabelog.com/tokyo/A1319/A131902/13236734/,2,18
42,Traveler's Factory Nakameguro,お揃いでこだわりの文房具を探すのはどうですか？,4500,https://image.jimcdn.com/app/cms/image/transf/none/path/s35c45e6d3395b2ad/image/i8d20de67fe34fc78/version/1585149894/image.jpg,https://www.travelers-factory.com/,1,19
43,文化浴泉,明日のためにその１！リフレッシュすること！,900,https://www.1010.or.jp/map/wp-content/uploads/import2/eyecatch_0_5675-250x170.jpg,https://www.bunkayokusen1010.com/,2,19
44,chano-ma,ベッドルームみたいな小上がりでいただくランチ。気心知れた相手とだからこそ楽しめるウルトラハッピー空間。,2000,https://c-www-lets.gnst.jp/img2/report/text/10/10276.jpg?t=1587431174_1553648176,https://gourmet.aumo.jp/gourmets/554172,1,20
45,蔦屋書店,本を読んだり、コーヒーを飲んだり。のんびり過ごしましょう。,1000,https://store.tsite.jp/static_contents/site/tsite/daikanyama/img/floor/shop/tsutaya-books/key.jpg,https://store.tsite.jp/daikanyama/floor/shop/tsutaya-books/,2,20
46,ラ・ヴィータ,気分はヴェネツィア！お散歩最高！,0,http://nanairocolumn.files.wordpress.com/2014/03/p10107101.jpg?w=547,https://www.jiyugaoka-abc.com/shopguide/fashion/030901.html,1,21
47,古桑庵,風通しの良い空間でお茶でもどうですか？,1000,http://kosoan.co.jp/_src/sc745/IMG_0078.jpg,http://kosoan.co.jp/,2,21
48,マイキッチン　タイ　インディアン　エスニック,夜ご飯はエスニックでお出かけの締め括り。,3000,https://img.retty.me/img_ebisu/restaurant/100001249913/archive/1296309-5ddc9b40c4cf9-l.jpg,https://retty.me/area/PRE13/ARE665/SUB2002/100001249913/,3,21
49,都会の農園,機材セットのBBQ会場,4000,http://www.bbq-partystyle.com/area/up_img/1561948799-534501_3.jpg,https://cityfarm-bbq.com,1,22
50,大江戸温泉物語,足湯なら二人でも楽しめる！,3000,https://daiba.ooedoonsen.jp/v2_img/feature_img01.jpg,https://daiba.ooedoonsen.jp/,2,22
51,相田みつを美術館,足を止めてみるのもいいじゃないか。人間だもの。,800,https://www.t-i-forum.co.jp/img/121-15-gallery-05.jpg,https://www.t-i-forum.co.jp/visitors/shop/detail.html?id=museum,1,23
52,もつ焼き　川上,本音が出るのはこういうお店。,2000,https://tblg.k-img.com/restaurant/images/Rvw/104325/150x150_square_104325537.jpg,https://tabelog.com/tokyo/A1301/A130102/13137023/,2,23
53,秋葉原P.A.R.M.S,仮面女子のライブが見れる！最高！,3000,https://stat.ameba.jp/user_images/20200327/01/shimiino-shimio/64/bd/j/o0763108014734378386.jpg?caw=800,https://kamen-joshi.com/cafe,1,24
54,暴走熟成肉庫　肉アバンギャルド,熟成肉に舌鼓。舌も胃も大満足！明日への活力にどうぞ。,4500,http://meat-avantgarde.com/wp-content/themes/avantgarde/files/swipe1.jpg,http://meat-avantgarde.com/,2,24
55,ASOBIBA,VRサバイバルゲームを楽しめる。相手のミリタリー姿にドキッとするかも！,5000,https://tabicoffret.com/uploads/asobiba_03.JPG_1.jpg,https://asobiba-tokyo.com/,1,25
56,ペンギンのいるBAR,ペンギンを眺めながら交わすグラスでクールダウン。,4000,https://www.penginbar.jp/img/index/pengin-p.png,https://www.penginbar.jp/,2,25
57,目黒寄生虫館,食わず嫌いは勿体ない、不思議な不思議なその生態は盛り上がること間違いなし！,0,https://tripnote.imgix.net/post/article/647/64699-UKm0uSMSc2VVmteddCdx_src.jpg?w=768&h=474&fit=crop,https://www.kiseichu.org/top,1,26
58,プラネタリウムBAR,雰囲気は一転、一気にロマンチックに！,3500,https://www.ozmall.co.jp/Content/upload/images/baec15febb844b4d84236252f30c7a17.jpg,https://tabelog.com/tokyo/A1316/A131602/13013912/,2,26
59,Queen's Collection Chocolate Cafe,ホットチョコにチョコケーキ！こういうのが一番テンション上がります。,1500,https://imgfp.hotp.jp/IMGH/82/31/P012318231/P012318231_480.jpg,https://r.gnavi.co.jp/6cy14ua70000/?sc_cid=al_won,1,27
60,博多もつ鍋 蟻月 HANARE店 ,プルプルでお肌によくて美味しい！日本酒もデザートも最高にマッチ！,4000,https://www.arizuki.com/motsuyaki/images/img_01.jpg,https://www.arizuki.com/tenpo/hanare.php,2,27